Elsy Incogna,48413 Bluejay Way,9327408213,eincogna0@foxnews.com,false
Steffie Reboulet,770 Nova Parkway,4623806078,sreboulet1@reuters.com,false
Spencer Bridgwood,68 Park Meadow Point,6643656005,sbridgwood2@adobe.com,true
Agretha Curds,7 Lillian Court,6166572696,acurds3@sakura.ne.jp,true
Anni Hogbin,72046 Texas Street,5478734946,ahogbin4@unesco.org,false
Jonie Hartropp,14 Sommers Trail,8797745148,jhartropp5@eepurl.com,false
Rutledge Bonner,6 High Crossing Center,1353980483,rbonner6@who.int,true
Nancee Kunzler,924 Buhler Point,8028585976,nkunzler7@goo.ne.jp,false
Carlin Atheis,79266 Sunbrook Lane,5416103369,catheis8@phpbb.com,true
Belinda Ballentime,621 Dapin Park,9623284160,bballentime9@adobe.com,true
Rakel Igoe,97 Armistice Lane,9443734195,rigoea@joomla.org,true
Tudor Biasio,72152 Mitchell Trail,1803915882,tbiasiob@liveinternet.ru,false
Verile Gout,59 Glendale Avenue,1084888164,vgoutc@bloglines.com,false
Karen Buckles,66 Green Way,3593013248,kbucklesd@slate.com,true
Lorine Celes,19505 North Place,9673535807,lcelese@delicious.com,false
Heda Havenhand,8539 Bay Junction,2612965202,hhavenhandf@canalblog.com,false
Trevor Boggs,02915 Crownhardt Circle,1792499899,tboggsg@umich.edu,false
Liza Parres,7528 Duke Way,8518391258,lparresh@simplemachines.org,false
Brockie Mathis,48 Brown Trail,6114861055,bmathisi@google.pl,true
Perry Busch,31 Hooker Crossing,1081211038,pbuschj@stumbleupon.com,false
